{
	"credit": "Made with Blockbench",
	"textures": {
		"0": "custom:item/camelhoof"
	},
	"elements": [
		{
			"from": [4, 2, 7],
			"to": [7, 15, 8],
			"rotation": {"angle": 0, "axis": "y", "origin": [7, 0, 6]},
			"faces": {
				"north": {"uv": [8, 2, 11, 15], "texture": "#0"},
				"east": {"uv": [8, 2, 9, 15], "texture": "#0"},
				"south": {"uv": [2, 2, 5, 15], "texture": "#0"},
				"west": {"uv": [10, 2, 11, 15], "texture": "#0"},
				"up": {"uv": [2, 2, 5, 3], "texture": "#0"},
				"down": {"uv": [2, 14, 5, 15], "texture": "#0"}
			}
		},
		{
			"from": [7, 1, 7],
			"to": [10, 8, 8],
			"rotation": {"angle": 0, "axis": "y", "origin": [7, 0, 6]},
			"faces": {
				"north": {"uv": [5, 9, 8, 16], "texture": "#0"},
				"east": {"uv": [5, 8, 6, 15], "texture": "#0"},
				"south": {"uv": [13, 9, 16, 16], "texture": "#0"},
				"west": {"uv": [9, 8, 10, 15], "texture": "#0"},
				"up": {"uv": [9, 8, 6, 7], "texture": "#0"},
				"down": {"uv": [8, 15, 5, 16], "texture": "#0"}
			}
		},
		{
			"from": [13, 5, 7],
			"to": [15, 12, 8],
			"rotation": {"angle": 0, "axis": "y", "origin": [7, 0, 6]},
			"faces": {
				"north": {"uv": [0, 5, 2, 12], "texture": "#0"},
				"east": {"uv": [0, 5, 1, 12], "texture": "#0"},
				"south": {"uv": [11, 5, 13, 12], "texture": "#0"},
				"west": {"uv": [3, 1, 4, 8], "texture": "#0"},
				"up": {"uv": [2, 6, 0, 5], "texture": "#0"},
				"down": {"uv": [11, 11, 13, 12], "texture": "#0"}
			}
		},
		{
			"from": [2, 5, 7],
			"to": [4, 12, 8],
			"rotation": {"angle": 0, "axis": "y", "origin": [7, 0, 6]},
			"faces": {
				"north": {"uv": [11, 5, 13, 12], "texture": "#0"},
				"east": {"uv": [0, 1, 1, 8], "texture": "#0"},
				"south": {"uv": [0, 5, 2, 12], "texture": "#0"},
				"west": {"uv": [12, 5, 13, 12], "texture": "#0"},
				"up": {"uv": [13, 6, 11, 5], "texture": "#0"},
				"down": {"uv": [0, 11, 2, 12], "texture": "#0"}
			}
		},
		{
			"from": [13, 3, 7],
			"to": [14, 5, 8],
			"rotation": {"angle": 0, "axis": "y", "origin": [7, 0, 6]},
			"faces": {
				"north": {"uv": [2, 12, 1, 14], "texture": "#0"},
				"east": {"uv": [1, 12, 2, 14], "texture": "#0"},
				"south": {"uv": [12, 12, 11, 14], "texture": "#0"},
				"west": {"uv": [2, 1, 3, 3], "texture": "#0"},
				"up": {"uv": [2, 0, 3, 1], "texture": "#0"},
				"down": {"uv": [11, 13, 12, 14], "texture": "#0"}
			}
		},
		{
			"from": [13, 12, 7],
			"to": [14, 14, 8],
			"rotation": {"angle": 0, "axis": "y", "origin": [7, 0, 6]},
			"faces": {
				"north": {"uv": [2, 3, 1, 5], "texture": "#0"},
				"east": {"uv": [1, 3, 2, 5], "texture": "#0"},
				"south": {"uv": [12, 3, 11, 5], "texture": "#0"},
				"west": {"uv": [2, 1, 3, 3], "texture": "#0"},
				"up": {"uv": [12, 4, 11, 3], "texture": "#0"},
				"down": {"uv": [0, 0, 1, 3], "texture": "#0"}
			}
		},
		{
			"from": [9, 8, 7],
			"to": [10, 12, 8],
			"rotation": {"angle": 0, "axis": "y", "origin": [7, 0, 6]},
			"faces": {
				"north": {"uv": [6, 5, 5, 9], "texture": "#0"},
				"east": {"uv": [2, 1, 3, 5], "texture": "#0"},
				"south": {"uv": [8, 5, 7, 9], "texture": "#0"},
				"west": {"uv": [5, 5, 6, 9], "texture": "#0"},
				"up": {"uv": [8, 6, 7, 5], "texture": "#0"},
				"down": {"uv": [3, 0, 2, 1], "texture": "#0"}
			}
		},
		{
			"from": [7, 8, 7],
			"to": [8, 12, 8],
			"rotation": {"angle": 0, "axis": "y", "origin": [7, 0, 6]},
			"faces": {
				"north": {"uv": [7, 5, 8, 9], "texture": "#0"},
				"east": {"uv": [7, 5, 8, 9], "texture": "#0"},
				"south": {"uv": [5, 5, 6, 9], "texture": "#0"},
				"west": {"uv": [2, 1, 3, 5], "texture": "#0"},
				"up": {"uv": [5, 5, 6, 6], "texture": "#0"},
				"down": {"uv": [2, 0, 3, 1], "texture": "#0"}
			}
		},
		{
			"from": [3, 12, 7],
			"to": [4, 14, 8],
			"rotation": {"angle": 0, "axis": "y", "origin": [7, 0, 6]},
			"faces": {
				"north": {"uv": [11, 3, 12, 5], "texture": "#0"},
				"east": {"uv": [0, 0, 3, 13], "texture": "#0"},
				"south": {"uv": [1, 3, 2, 5], "texture": "#0"},
				"west": {"uv": [11, 3, 12, 5], "texture": "#0"},
				"up": {"uv": [12, 4, 11, 3], "texture": "#0"},
				"down": {"uv": [0, 0, 1, 3], "texture": "#0"}
			}
		},
		{
			"from": [3, 3, 7],
			"to": [4, 5, 8],
			"rotation": {"angle": 0, "axis": "y", "origin": [7, 0, 6]},
			"faces": {
				"north": {"uv": [12, 12, 11, 14], "texture": "#0"},
				"east": {"uv": [2, 1, 3, 3], "texture": "#0"},
				"south": {"uv": [1, 12, 2, 14], "texture": "#0"},
				"west": {"uv": [11, 12, 12, 14], "texture": "#0"},
				"up": {"uv": [2, 0, 3, 1], "texture": "#0"},
				"down": {"uv": [1, 13, 2, 14], "texture": "#0"}
			}
		},
		{
			"from": [6, 1, 7],
			"to": [7, 2, 8],
			"rotation": {"angle": 0, "axis": "y", "origin": [7, 0, 6]},
			"faces": {
				"north": {"uv": [8, 15, 9, 16], "texture": "#0"},
				"east": {"uv": [1, 1, 2, 2], "texture": "#0"},
				"south": {"uv": [4, 15, 5, 16], "texture": "#0"},
				"west": {"uv": [4, 15, 5, 16], "texture": "#0"},
				"up": {"uv": [1, 1, 2, 2], "texture": "#0"},
				"down": {"uv": [4, 15, 5, 16], "texture": "#0"}
			}
		},
		{
			"from": [10, 1, 7],
			"to": [11, 2, 8],
			"rotation": {"angle": 0, "axis": "y", "origin": [7, 0, 6]},
			"faces": {
				"north": {"uv": [5, 15, 4, 16], "texture": "#0"},
				"east": {"uv": [8, 15, 9, 16], "texture": "#0"},
				"south": {"uv": [9, 15, 8, 16], "texture": "#0"},
				"west": {"uv": [0, 1, 1, 2], "texture": "#0"},
				"up": {"uv": [2, 1, 1, 0], "texture": "#0"},
				"down": {"uv": [9, 15, 8, 16], "texture": "#0"}
			}
		},
		{
			"from": [10, 2, 7],
			"to": [13, 15, 8],
			"rotation": {"angle": 0, "axis": "y", "origin": [9, 0, 6]},
			"faces": {
				"north": {"uv": [2, 2, 5, 15], "texture": "#0"},
				"east": {"uv": [2, 2, 3, 15], "texture": "#0"},
				"south": {"uv": [8, 2, 11, 15], "texture": "#0"},
				"west": {"uv": [4, 2, 5, 15], "texture": "#0"},
				"up": {"uv": [11, 3, 8, 2], "texture": "#0"},
				"down": {"uv": [8, 14, 11, 15], "texture": "#0"}
			}
		}
	],
	"gui_light": "front",
	"display": {
		"thirdperson_righthand": {
			"rotation": [-91, -180, 0],
			"translation": [-0.25, 0.5, -0.25],
			"scale": [0.5, 0.5, 0.5]
		},
		"thirdperson_lefthand": {
			"rotation": [-91, -180, 0],
			"translation": [0.25, 0.5, -0.25],
			"scale": [0.5, 0.5, 0.5]
		},
		"firstperson_righthand": {
			"rotation": [-66, -180, 0],
			"translation": [1, 0.75, 0],
			"scale": [1.03, 0.53, 1]
		},
		"firstperson_lefthand": {
			"rotation": [-66, -180, 0],
			"translation": [1, 0.75, 0],
			"scale": [1.03, 0.53, 1]
		},
		"ground": {
			"scale": [0.5, 0.5, 0.5]
		},
		"gui": {
			"rotation": [0, -180, 0],
			"translation": [0.75, 0, 0],
			"scale": [1.15, 1, 1]
		},
		"head": {
			"translation": [-0.5, 6.25, 0],
			"scale": [0.98, 1, 1]
		}
	},
	"groups": [
		{
			"name": "Копыто",
			"origin": [7, 0, 6],
			"color": 0,
			"children": [0, 1, 2, 3, 4, 5, 6, 7, 8, 9, 10, 11, 12]
		}
	]
}