{
	"credit": "Made with Blockbench",
	"texture_size": [64, 64],
	"textures": {
		"1": "custom:block/huntercap"
	},
	"elements": [
		{
			"from": [0, 11, 0],
			"to": [16, 15, 16],
			"rotation": {"angle": 0, "axis": "y", "origin": [0, -7, 0]},
			"faces": {
				"north": {"uv": [8.75, 5.25, 13.25, 6.25], "texture": "#1"},
				"east": {"uv": [8.75, 6.25, 13.25, 7.25], "texture": "#1"},
				"south": {"uv": [8.75, 7.25, 13.25, 8.25], "texture": "#1"},
				"west": {"uv": [0, 9, 4.5, 10], "texture": "#1"},
				"up": {"uv": [4.5, 4.5, 0, 0], "texture": "#1"},
				"down": {"uv": [4.5, 4.5, 0, 9], "texture": "#1"}
			}
		},
		{
			"from": [0, 11, 16],
			"to": [16, 11.5, 22],
			"rotation": {"angle": 0, "axis": "y", "origin": [0, -8.5, 0]},
			"faces": {
				"north": {"uv": [2, 10.25, 6.5, 10.5], "texture": "#1"},
				"east": {"uv": [2, 10, 3.75, 10.25], "texture": "#1"},
				"south": {"uv": [2, 10.5, 6.5, 10.75], "texture": "#1"},
				"west": {"uv": [11, 10.5, 12.75, 10.75], "texture": "#1"},
				"up": {"uv": [9, 10.25, 4.5, 8.5], "texture": "#1"},
				"down": {"uv": [13.25, 0, 8.75, 1.75], "texture": "#1"}
			}
		},
		{
			"from": [0.5, 11.5, 16],
			"to": [15.5, 11.75, 21.5],
			"rotation": {"angle": 0, "axis": "y", "origin": [0, -8, 0]},
			"faces": {
				"north": {"uv": [0, 0, 8, 0.125], "texture": "#1"},
				"east": {"uv": [1, 11.25, 2.75, 11.5], "texture": "#1"},
				"south": {"uv": [10.5, 10.75, 14.75, 11], "texture": "#1"},
				"west": {"uv": [2.75, 11.25, 4.5, 11.5], "texture": "#1"},
				"up": {"uv": [13, 3.5, 8.75, 1.75], "texture": "#1"},
				"down": {"uv": [13, 3.5, 8.75, 5.25], "texture": "#1"}
			}
		},
		{
			"from": [0.75, 15, 0.75],
			"to": [15.25, 15.5, 15.25],
			"rotation": {"angle": 0, "axis": "y", "origin": [0, -4.5, -6]},
			"faces": {
				"north": {"uv": [0, 11, 4.25, 11.25], "texture": "#1"},
				"east": {"uv": [4.25, 11, 8.5, 11.25], "texture": "#1"},
				"south": {"uv": [8.5, 11, 12.75, 11.25], "texture": "#1"},
				"west": {"uv": [11, 9.75, 15.25, 10], "texture": "#1"},
				"up": {"uv": [8.75, 4.25, 4.5, 0], "texture": "#1"},
				"down": {"uv": [8.75, 4.25, 4.5, 8.5], "texture": "#1"}
			}
		},
		{
			"from": [1, 11.75, 16],
			"to": [15, 14.75, 16.25],
			"rotation": {"angle": 0, "axis": "y", "origin": [2, 13, 15.5]},
			"faces": {
				"north": {"uv": [9, 8.25, 13.25, 9], "texture": "#1"},
				"east": {"uv": [4.5, 11.25, 4.75, 12], "texture": "#1"},
				"south": {"uv": [5, 11.25, 14, 13.5], "texture": "#1"},
				"west": {"uv": [4.75, 11.25, 5, 12], "texture": "#1"},
				"up": {"uv": [6.25, 11, 2, 10.75], "texture": "#1"},
				"down": {"uv": [10.5, 10.75, 6.25, 11], "texture": "#1"}
			}
		},
		{
			"from": [5, 11.5, -0.5],
			"to": [11, 13.5, 0],
			"rotation": {"angle": 0, "axis": "y", "origin": [0, 1, 0.5]},
			"faces": {
				"north": {"uv": [6.5, 10.25, 8.5, 10.75], "texture": "#1"},
				"east": {"uv": [11.75, 10, 12, 10.5], "texture": "#1"},
				"south": {"uv": [0, 0, 2, 0.5], "texture": "#1"},
				"west": {"uv": [0, 11.25, 0.25, 11.75], "texture": "#1"},
				"up": {"uv": [11, 10.75, 9, 10.5], "texture": "#1"},
				"down": {"uv": [2, 10.75, 0, 11], "texture": "#1"}
			}
		}
	],
	"display": {
		"thirdperson_righthand": {
			"rotation": [-90, -1, 0],
			"translation": [0, -2, 1.25],
			"scale": [0.32, 0.32, 0.32]
		},
		"thirdperson_lefthand": {
			"rotation": [-90, -1, 0],
			"translation": [0, -2, 1.25],
			"scale": [0.32, 0.32, 0.32]
		},
		"firstperson_righthand": {
			"rotation": [4, 5, 12],
			"translation": [-0.5, 1.75, -3],
			"scale": [0.59, 0.59, 0.59]
		},
		"firstperson_lefthand": {
			"rotation": [4, 5, 12],
			"translation": [-0.5, 1.75, -3],
			"scale": [0.59, 0.59, 0.59]
		},
		"ground": {
			"scale": [0.6, 0.6, 0.6]
		},
		"gui": {
			"rotation": [29, 29, 0],
			"translation": [-0.75, -2.25, 0],
			"scale": [0.64, 0.64, 0.64]
		},
		"head": {
			"translation": [0, 1.25, 0],
			"scale": [0.91, 0.91, 0.91]
		},
		"fixed": {
			"rotation": [-90, 0, 0],
			"translation": [-0.25, -2, 2],
			"scale": [0.67, 0.67, 0.67]
		}
	}
}